{
    "Starmon-7": {
        "Qubits": {
            "Q0": {
                "Frequency [Hz]": 6.251e9,
                "T1 [s]": 27.8e-6,
                "T2 [s]": 11.3e-6,
                "RB error": 6.614e-4,
                "SSRO": {
                    "p0given1": 0.0334,
                    "p1given0": 0.0049
                }},
            "Q1": {
                "Frequency [Hz]": 6.227e9,
                "T1 [s]": 11.9e-6,
                "T2 [s]": 6.5e-6,
                "RB error": 8.72e-4,
                "SSRO": {
                    "p0given1": 0.0226,
                    "p1given0": 0.0024
                }},
            "Q2": {
                "Frequency [Hz]": 5.590e9,
                "T1 [s]": 26.0e-6,
                "T2 [s]": 4.9e-6,
                "RB error": 0.00167,
                "SSRO": {
                    "p0given1": 0.0179,
                    "p1given0": 0.0111
                }},
            "Q3": {
                "Frequency [Hz]": 5.757e9,
                "T1 [s]": 26.2e-6,
                "T2 [s]": 13.1e-6,
                "RB error": 0.00167,
                "SSRO": {
                    "p0given1": 0.0521,
                    "p1given0": 0.0327
                }},
            "Q4": {
                "Frequency [Hz]": 5.753e9,
                "T1 [s]": 25.6e-6,
                "T2 [s]": 15.2e-6,
                "RB error": 0.00128,
                "SSRO": {
                    "p0given1": 0.0553,
                    "p1given0": 0.0212
                }},
            "Q5": {
                "Frequency [Hz]": 4.484e9,
                "T1 [s]": 38.6e-6,
                "T2 [s]": 2.6e-6,
                "RB error": 4.7e-4,
                "SSRO": {
                    "p0given1": 0.0507,
                    "p1given0": 0.0541
                }},
            "Q6": {
                "Frequency [Hz]": 4.659e9,
                "T1 [s]": 36.9e-6,
                "T2 [s]": 4.7e-6,
                "RB error": 4.7e-4,
                "SSRO": {
                    "p0given1": 0.0244,
                    "p1given0": 0.0571
                }}
        },
        "CZ IRB errors":{
            "[0, 2]": 0.0171,
            "[0, 3]": 0.0167,
            "[1, 3]": 0.0097,
            "[1, 4]": 0.0188,
            "[2, 5]": 0.0212,
            "[3, 5]": 0.0242,
            "[3, 6]": 0.0157,
            "[4, 6]": 0.0124
        },
        "Measurement duration [s]": 1.0e-6,
        "Delay duration [s]": 20e-9,
        "Base temperature [K]": 20e-3,
        "Native operations": ["id", "s", "sdg", "t", "tdg", "x", "rx", "y", "ry", "z", "cz", "delay", "reset", "measure"],
        "Coupling map": [
            [0, 2], [2, 0],
            [0, 3], [3, 0],
            [1, 3], [3, 1],
            [1, 4], [4, 1],
            [2, 5], [5, 2],
            [3, 5], [5, 3],
            [3, 6], [6, 3],
            [4, 6], [6, 4]
        ],
        "Qubit register": 7,
        "Default shots": 16384,
        "Max shots": 16384
    }
}